97.03228774647822,135,118.70693319364753,118.70693319364753,4.100000000000001,100,10,41.0,0.516960182163394
106.62340125877866,135,98.82236786190337,98.82236786190337,8.099999999999987,100,10,81.0,0.9321698171899977
109.79195623253229,135,95.00995615086205,95.00995615086205,12.099999999999973,100,10,121.0,1.301190612596425
111.36966399267719,135,97.14630255291249,97.14630255291249,15.99999999999996,100,10,160.0,1.656434644768226
113.11318717381042,135,101.1832981063545,101.1832981063545,20.000000000000014,100,10,200.0,2.0359268731196343
114.89661163266386,135,105.0081125151712,105.0081125151712,24.00000000000007,100,10,240.0,2.4307413572467356
116.56799614413961,135,107.57424340140405,107.57424340140405,28.000000000000128,100,10,280.0,2.838268419053576
117.70474966353727,135,107.83152141628824,107.83152141628824,32.000000000000185,100,10,320.0,3.24977312171759
118.52428866406584,135,108.98909651228726,108.98909651228726,36.00000000000024,100,10,360.0,3.6643162744585425
119.22528885733882,135,110.32825845077099,110.32825845077099,39.9000000000003,100,10,399.0,4.072963095489444
119.93063741055626,135,112.21263105799738,112.21263105799738,43.900000000000354,100,10,439.0,4.497408353445726
120.69114495359494,135,113.275802832307,113.275802832307,47.90000000000041,100,10,479.0,4.928740822377009
121.32939176294254,135,114.22844114558723,114.22844114558723,51.90000000000047,100,10,519.0,5.363799697618029
121.9819519210087,135,115.62204388229331,115.62204388229331,55.900000000000524,100,10,559.0,5.804220882884595
122.59242984672457,135,116.9184212313084,116.9184212313084,59.90000000000058,100,10,599.0,6.248954597834962
123.15026567111148,135,117.73597154098523,117.73597154098523,63.90000000000064,100,10,639.0,6.697595950056396
123.6647037702218,135,118.7145367772276,118.7145367772276,67.90000000000042,100,10,679.0,7.149787240902878
124.14001190652029,135,119.66459758496043,119.66459758496043,71.8000000000002,100,10,718.0,7.594050017578869
124.60766087000464,135,120.4462217656376,120.4462217656376,75.79999999999997,100,10,758.0,8.053075930119714
125.05519001786253,135,121.31848775688394,121.31848775688394,79.79999999999974,100,10,798.0,8.515343953111469
125.48370178064083,135,122.14904802959647,122.14904802959647,83.79999999999951,100,10,838.0,8.980708498908236
125.89554125598343,135,122.82897193589243,122.82897193589243,87.79999999999929,100,10,878.0,9.449049539825474
126.28993653380675,135,123.58639480042625,123.58639480042625,91.79999999999906,100,10,918.0,9.920208116797799
126.66764426122465,135,124.20610482912964,124.20610482912964,95.79999999999883,100,10,958.0,10.394054057154776
127.03485291444926,135,125.06114270245038,125.06114270245038,99.7999999999986,100,10,998.0,10.870543913386491
127.44186693794288,135,125.83955579521913,125.83955579521913,103.69999999999838,100,10,1037.0,11.338754103175944
127.79268864063275,135,126.30793868536023,126.30793868536023,107.69999999999816,100,10,1077.0,11.820845882676018
128.150525493147,135,127.23338944464999,127.23338944464999,111.69999999999793,100,10,1117.0,12.305596127838914
128.48369546081597,135,127.6470143483172,127.6470143483172,115.5999999999977,100,10,1156.0,12.780630952479711
128.78183670150364,135,128.06715565138182,128.06715565138182,119.59999999999748,100,10,1196.0,13.269511930100357
129.0598136499896,135,128.55737097777916,128.55737097777916,123.59999999999725,100,10,1236.0,13.76018257991067
129.32419135633768,135,128.96260859670048,128.96260859670048,127.59999999999702,100,10,1276.0,14.252604073497022
129.57778702271796,135,129.41394965614296,129.41394965614296,131.5999999999968,100,10,1316.0,14.746714057646024
129.83387881771316,135,130.1201865893933,130.1201865893933,135.59999999999658,100,10,1356.0,15.242627681522983
130.10103367503572,135,130.36332113163675,130.36332113163675,139.59999999999636,100,10,1396.0,15.740646874943135
130.3308965049602,135,130.71236978215805,130.71236978215805,143.59999999999613,100,10,1436.0,16.23984905863921
130.56488013202565,135,131.15185252682068,131.15185252682068,147.5999999999959,100,10,1476.0,16.740723494138436
130.76898297245305,135,131.42150766975993,131.42150766975993,151.49999999999568,100,10,1515.0,17.230196619033784
130.9781778812661,135,132.03498102579061,132.03498102579061,155.49999999999545,100,10,1555.0,17.733574918220555
131.2717902140725,135,132.74048899717357,132.74048899717357,159.49999999999523,100,10,1595.0,18.239959603535958
131.5790228059321,135,133.36447976045355,133.36447976045355,163.399999999995,100,10,1634.0,18.736167036198992
131.87303206860645,135,133.67224939986292,133.67224939986292,167.39999999999478,100,10,1674.0,19.247012993297
132.0815312225272,135,133.7648030414688,133.7648030414688,171.39999999999455,100,10,1714.0,19.75839216988801
132.23744491150478,135,133.90880965333835,133.90880965333835,175.39999999999432,100,10,1754.0,20.27016119889092
132.3744626410645,135,134.08483492130517,134.08483492130517,179.3999999999941,100,10,1794.0,20.782529348940887
132.51094785694806,135,134.29610409588702,134.29610409588702,183.39999999999387,100,10,1834.0,21.29567713651591
132.65447769155367,135,134.5507910322178,134.5507910322178,187.39999999999364,100,10,1874.0,21.809753412626062
135.4583617132531,145,158.62633006874165,158.62633006874165,191.3999999999934,100,10,1914.0,22.368990303658354
138.04645023996997,145,150.9208994104543,150.9208994104543,195.39999999999318,100,10,1954.0,22.95531176376515
138.95241037335157,145,149.67969597485612,149.67969597485612,199.39999999999296,100,10,1994.0,23.52978323909615
139.38744813678198,145,149.73974204237888,149.73974204237888,203.29999999999274,100,10,2033.0,24.088030384402014
139.68103555838056,145,149.99825290622545,149.99825290622545,207.1999999999925,100,10,2072.0,24.64674119530598
139.93395201680534,145,150.366906538407,150.366906538407,211.1999999999923,100,10,2112.0,25.220958008699828
140.170430518817,145,150.7878388079285,150.7878388079285,215.19999999999206,100,10,2152.0,25.796587494814194
140.41291415720326,145,151.13947386600032,151.13947386600032,219.19999999999183,100,10,2192.0,26.373955152660425
140.62931883306513,145,151.46486490298676,151.46486490298676,223.1999999999916,100,10,2232.0,26.952470540296165
140.83307036504092,145,151.73976608807186,151.73976608807186,227.19999999999138,100,10,2272.0,27.532174152312276
141.02722168968765,145,152.04622099325516,152.04622099325516,231.19999999999115,100,10,2312.0,28.11301850021528
141.21294510847386,145,152.29516406391133,152.29516406391133,235.19999999999092,100,10,2352.0,28.694946591924467
141.32880100912809,145,152.71342678125276,152.71342678125276,237.4999999999908,100,10,2375.0,29.030221408852054
141.4587825240844,145,153.1159059059671,153.1159059059671,239.49999999999068,100,10,2395.0,29.32260956949866
141.61531732288384,145,153.40182548386363,153.40182548386363,241.49999999999056,100,10,2416.0,29.630325232969216
141.75295032663516,145,153.6526823429624,153.6526823429624,243.39999999999046,100,10,2436.0,29.909181155448074
141.89954181025803,145,153.90574799093798,153.90574799093798,245.59999999999033,100,10,2458.0,30.232539007396547
142.04936601485096,145,154.08073049036386,154.08073049036386,247.7999999999902,100,10,2480.0,30.55642280127279
142.17570450498175,145,154.33403237445222,154.33403237445222,249.7999999999901,100,10,2500.0,30.851273178992397
142.30729468636693,145,154.51095970136717,154.51095970136717,251.89999999998997,100,10,2521.0,31.161316243210962
142.42877368548932,145,154.72340579018854,154.72340579018854,253.89999999998986,100,10,2541.0,31.456968108739144
142.55339621434075,145,154.91647752293468,154.91647752293468,255.99999999998974,100,10,2562.0,31.767796622862157
142.6728965893842,145,155.0355808945967,155.0355808945967,257.99999999999017,100,10,2583.0,32.07890960142468
142.7789043761717,145,155.2166683656156,155.2166683656156,259.9999999999906,100,10,2603.0,32.37553151451779
142.88789883737707,145,155.3798020300243,155.3798020300243,262.0999999999911,100,10,2624.0,32.68731855909031
142.9850720450358,145,155.48792530288193,155.48792530288193,263.99999999999153,100,10,2643.0,32.96964030724694
143.08454298177597,145,155.77041866106617,155.77041866106617,266.099999999992,100,10,2664.0,33.281962938125574
143.24133824237296,145,156.1002973890333,156.1002973890333,268.5999999999926,100,10,2689.0,33.6547717442846
143.442670002399,145,156.2202737108276,156.2202737108276,272.5999999999935,100,10,2729.0,34.25191968256815
143.5510381087841,145,156.51845270623934,156.51845270623934,274.899999999994,100,10,2753.0,34.59565094365744
143.6594978783485,145,156.7621724805687,156.7621724805687,276.89999999999446,100,10,2774.0,34.89515603041596
143.77373328708,145,156.98285328355811,156.98285328355811,278.8999999999949,100,10,2794.0,35.195116370947176
143.88640991634688,145,157.15646511226268,157.15646511226268,280.8999999999954,100,10,2814.0,35.495431941017046
143.9939122193296,145,157.27829178787874,157.27829178787874,282.8999999999958,100,10,2834.0,35.79603478520875
144.09451061540705,145,157.39648470592562,157.39648470592562,284.8999999999963,100,10,2854.0,36.09687352217037
144.1875303891916,145,157.49410725008983,157.49410725008983,286.89999999999674,100,10,2874.0,36.397907513175085
144.26890793721248,145,157.5642333263701,157.5642333263701,288.79999999999717,100,10,2893.0,36.68404192251223
144.3542150511783,145,157.6132999036528,157.6132999036528,290.99999999999767,100,10,2915.0,37.015498345303406
144.4229281536638,145,157.6672081275896,157.6672081275896,292.9999999999981,100,10,2935.0,37.3169082590812
144.48833547485722,145,157.710960751047,157.710960751047,294.9999999999986,100,10,2956.0,37.618408489261725
144.54575818849807,145,157.75139975103943,157.75139975103943,296.99999999999903,100,10,2976.0,37.91999067908552
144.5986558149298,145,157.77731618934862,157.77731618934862,298.9999999999995,100,10,2996.0,38.22163726635812
144.64712556593608,145,157.79895503474037,157.79895503474037,300.99999999999994,100,10,3016.0,38.52333074061319
144.69445485299246,145,157.80293732841463,157.80293732841463,303.20000000000044,100,10,3038.0,38.85521118967511
144.73739026129806,145,157.81099625679914,157.81099625679914,305.3000000000009,100,10,3060.0,39.18711243900397
144.7773582995984,145,157.7895652667448,157.7895652667448,307.60000000000144,100,10,3084.0,39.54915655385465
144.80966697516746,145,157.78050156528008,157.78050156528008,309.80000000000194,100,10,3106.0,39.88100437036001
144.84044221475983,145,157.7670143928126,157.7670143928126,312.10000000000247,100,10,3129.0,40.2279135922539
144.86665596938394,145,157.7547619440718,157.7547619440718,314.1000000000029,100,10,3150.0,40.52955645978946
144.889622254853,145,157.74314609008158,157.74314609008158,316.1000000000034,100,10,3170.0,40.83117314508416
144.91110196247936,145,157.7244949666863,157.7244949666863,318.10000000000383,100,10,3190.0,41.1327601707557
144.93097260718395,145,157.70146326243938,157.70146326243938,320.1000000000043,100,10,3210.0,41.43430918012169
144.95170954502214,145,157.67157524085783,157.67157524085783,322.4000000000048,100,10,3233.0,41.78103281113493
144.96788575945007,145,157.64285261875688,157.64285261875688,324.40000000000526,100,10,3253.0,42.08247261291373
144.98516444940645,145,157.60397396371155,157.60397396371155,326.60000000000576,100,10,3275.0,42.41398861485795
144.99804479438956,145,157.57585776743144,157.57585776743144,328.6000000000062,100,10,3295.0,42.715300887518346
145.00944555992362,145,157.54041615718248,157.54041615718248,330.50000000000665,100,10,3314.0,43.00148993451056
145.02052853663312,145,157.50818508936436,157.50818508936436,332.5000000000071,100,10,3334.0,43.30267663679665
145.03067999696108,145,157.46877090508357,157.46877090508357,334.50000000000756,100,10,3354.0,43.6037930431579
145.04078634002994,145,157.4252092690393,157.4252092690393,336.60000000000804,100,10,3375.0,43.91988632141804
145.0513468818722,145,157.39037549100888,157.39037549100888,338.90000000000856,100,10,3399.0,44.281043591158614
145.06228166307986,145,157.3482043719451,157.3482043719451,341.00000000000904,100,10,3424.0,44.59697897375689
145.0705476010617,145,157.30623006920842,157.30623006920842,343.1000000000095,100,10,3445.0,44.91283605641393
145.07802433026492,145,157.2743000759711,157.2743000759711,345.10000000000997,100,10,3465.0,45.2135759395164
145.08560258395755,145,157.23585805173227,157.23585805173227,347.1000000000104,100,10,3485.0,45.51424791469214
145.09307326021934,145,157.19605646729718,157.19605646729718,349.1000000000109,100,10,3505.0,45.81484881782546
145.09994976299492,145,157.1611291011432,157.1611291011432,351.0000000000113,100,10,3524.0,46.100351445496614
145.10696632656726,145,157.119612020688,157.119612020688,353.00000000001177,100,10,3544.0,46.4008079281352
145.11368529575049,145,157.08345496891687,157.08345496891687,355.0000000000122,100,10,3564.0,46.70118785755974
145.12173233570235,145,157.02869228391128,157.02869228391128,357.70000000001284,100,10,3591.0,47.10656739651992
145.13134584005562,145,156.97257897198807,156.97257897198807,360.40000000001345,100,10,3618.0,47.51183049202015
145.13732622991432,145,156.933818026491,156.933818026491,362.4000000000139,100,10,3638.0,47.81192685466399
145.14292687005403,145,156.88852722784333,156.88852722784333,364.40000000001436,100,10,3658.0,48.111941046032726
145.1489392374622,145,156.84107378059227,156.84107378059227,366.60000000001486,100,10,3680.0,48.441864514697066
145.15411121366267,145,156.8011842672229,156.8011842672229,368.6000000000153,100,10,3700.0,48.74170841566588
145.15895833218292,145,156.75458209465637,156.75458209465637,370.60000000001577,100,10,3720.0,49.04146775418662
145.1633108787763,145,156.7144688902492,156.7144688902492,372.5000000000162,100,10,3739.0,49.32616037276845
145.16766533615447,145,156.66740581311785,156.66740581311785,374.50000000001666,100,10,3759.0,49.62575349490981
145.17182674993094,145,156.6200273260826,156.6200273260826,376.5000000000171,100,10,3779.0,49.92526086332888
145.17576775620674,145,156.5791587309936,156.5791587309936,378.50000000001756,100,10,3799.0,50.22468127201171
145.1795451905488,145,156.5311792806976,156.5311792806976,380.500000000018,100,10,3819.0,50.52401480748464
145.18316952602538,145,156.48288543612253,156.48288543612253,382.5000000000185,100,10,3839.0,50.82326092089854
145.18660385614635,145,156.44124903726865,156.44124903726865,384.50000000001893,100,10,3859.0,51.12241841417625
145.1896476572717,145,156.38720284825703,156.38720284825703,386.5000000000194,100,10,3879.0,51.42148353380578
145.19237300272542,145,156.339520816664,156.339520816664,388.50000000001984,100,10,3899.0,51.720455029703196
145.19540951576226,145,156.29759107613287,156.29759107613287,390.6000000000203,100,10,3921.0,52.03428008481032
145.1993172048242,145,156.23878356481987,156.23878356481987,393.00000000002086,100,10,3946.0,52.392824956891886
145.20130063239097,145,156.17255117518846,156.17255117518846,395.0000000000213,100,10,3966.0,52.69149920253809
145.19993156243075,145,156.0915516226817,156.0915516226817,397.2000000000218,100,10,3988.0,53.01987368970911
145.196834275699,145,156.01686033813215,156.01686033813215,399.20000000002227,100,10,4008.0,53.31825557737817
145.19274462836898,145,155.9565467863199,155.9565467863199,401.30000000002275,100,10,4029.0,53.63141814283212
145.18842214790993,145,155.8885143066118,155.8885143066118,403.3000000000232,100,10,4049.0,53.929541515823246
145.1839455548929,145,155.82301062544732,155.82301062544732,405.30000000002366,100,10,4069.0,54.22754366017903
145.1794590904078,145,155.7687466504436,155.7687466504436,407.6000000000242,100,10,4092.0,54.57010929749151
145.17639914473878,145,155.70266178669934,155.70266178669934,409.8000000000247,100,10,4114.0,54.897658298172395
145.1732237984263,145,155.6427368394043,155.6427368394043,411.80000000002514,100,10,4134.0,55.19530598761438
145.17004829377646,145,155.58448231766718,155.58448231766718,413.70000000002557,100,10,4153.0,55.47796343893845
145.16697223293914,145,155.52250568657212,155.52250568657212,415.80000000002605,100,10,4174.0,55.79026170541184
145.1638979478162,145,155.47036409795672,155.47036409795672,417.8000000000265,100,10,4194.0,56.08757302048908
145.16112983249354,145,155.4099597881526,155.4099597881526,419.900000000027,100,10,4215.0,56.39963521380063
145.15876857634981,145,155.3494971698484,155.3494971698484,421.90000000002743,100,10,4235.0,56.696726854872196
145.1567635493042,145,155.2977958203105,155.2977958203105,424.300000000028,100,10,4260.0,57.0531061864507
145.156019935126,145,155.23425719147497,155.23425719147497,426.6000000000285,100,10,4283.0,57.39451180165993
145.1548733134193,145,155.17223185243193,155.17223185243193,428.700000000029,100,10,4304.0,57.70610409258303
145.15346052296968,145,155.12004084702585,155.12004084702585,430.70000000002943,100,10,4324.0,58.0027458240289
145.1517655010147,145,155.06065625618677,155.06065625618677,432.7000000000299,100,10,4344.0,58.29927841435756
145.15013335669477,145,155.00606844870265,155.00606844870265,434.70000000003034,100,10,4364.0,58.59570371400003
145.14850297126418,145,154.9522735017006,154.9522735017006,436.6000000000308,100,10,4383.0,58.87720867104362
145.14698546644726,145,154.89456111440137,154.89456111440137,438.60000000003123,100,10,4403.0,59.173427684542375
145.1455147474155,145,154.84542690733025,154.84542690733025,440.6000000000317,100,10,4423.0,59.469541424051506
145.14505426509413,145,154.78612071810122,154.78612071810122,443.2000000000323,100,10,4449.0,59.85435492947171
145.14489412477678,145,154.72565819962526,154.72565819962526,445.20000000003273,100,10,4469.0,60.15025362239235
145.14420438542473,145,154.67518982319305,154.67518982319305,447.2000000000332,100,10,4489.0,60.44604311011642
145.14330168541312,145,154.61729908371436,154.61729908371436,449.20000000003364,100,10,4509.0,60.74172658973335
145.14233022653514,145,154.560102193211,154.560102193211,451.2000000000341,100,10,4529.0,61.03730556219025
145.14131533121915,145,154.51145166544433,154.51145166544433,453.20000000003455,100,10,4549.0,61.33278025288065
145.14035130825496,145,154.4550077443928,154.4550077443928,455.200000000035,100,10,4569.0,61.62815213991225
145.13944137472515,145,154.40683513051613,154.40683513051613,457.10000000003544,100,10,4588.0,61.90866044199233
145.13907182506043,145,154.3496288395493,154.3496288395493,459.30000000003594,100,10,4610.0,62.233353729655036
145.1386845423807,145,154.29245021504283,154.29245021504283,461.3000000000364,100,10,4631.0,62.54317381029329
145.13850667835143,145,154.24302060816254,154.24302060816254,463.5000000000369,100,10,4655.0,62.867631555551206
145.13966092629838,145,154.18178406593304,154.18178406593304,466.1000000000375,100,10,4682.0,63.265688075433424
145.14148827962256,145,154.11754476947164,154.11754476947164,468.500000000038,100,10,4706.0,63.619384734467765
145.14397307460777,145,154.06049591478003,154.06049591478003,471.5000000000387,100,10,4737.0,64.07604501508582
145.14565713126572,145,153.99438983420458,153.99438983420458,473.7000000000392,100,10,4759.0,64.39999231198898
145.14776031306204,145,153.9317324969676,153.9317324969676,476.3000000000398,100,10,4786.0,64.7974103947047
145.14936505290225,145,153.8695720402969,153.8695720402969,478.9000000000404,100,10,4812.0,65.1799425387233
145.15113870365767,145,153.80150672230263,153.80150672230263,481.500000000041,100,10,4838.0,65.5623195009526
145.15199395106788,145,153.74529022343015,153.74529022343015,484.00000000004155,100,10,4863.0,65.9298263714128
145.15501291016633,85,153.67278053003983,153.67278053003983,487.10000000004226,100,10,4895.0,66.40005044501257
120.1340322170206,85,39.712990708887915,39.712990708887915,491.10000000004317,100,10,4935.0,66.51041371000505
110.34557571351863,85,54.64431077684149,54.64431077684149,495.1000000000441,100,10,4975.0,66.69622248367754
106.2941600976174,85,57.081600896405554,57.081600896405554,499.100000000045,100,10,5015.0,66.9124231835926
103.96611648774439,85,55.33501461466485,55.33501461466485,503.1000000000459,100,10,5055.0,67.12819222754342
102.23441686304439,85,53.1069409619515,53.1069409619515,507.1000000000468,100,10,5095.0,67.33584222044553
100.9516831572671,85,49.91293177094115,49.91293177094115,510.5000000000476,100,10,5129.0,67.50441093893403
100.0172126052766,85,46.264055486213074,46.264055486213074,512.500000000048,100,10,5149.0,67.5963257051295
98.8751304086056,85,43.6109993224482,43.6109993224482,514.6000000000485,100,10,5171.0,67.68648853199856
97.8060585786938,85,41.00002485586497,41.00002485586497,516.6000000000489,100,10,5191.0,67.7672895926171
96.74944312591789,85,39.12075919017002,39.12075919017002,518.6000000000494,100,10,5211.0,67.84375670741106
95.74946269653984,85,37.34438798371666,37.34438798371666,520.5000000000498,100,10,5231.0,67.91667977608446
94.8213438179318,85,35.65317046224088,35.65317046224088,522.5000000000502,100,10,5251.0,67.9865874996456
93.84961498969196,85,34.686439748649995,34.686439748649995,524.8000000000508,100,10,5274.0,68.06370852975469
92.93557249369344,85,33.63137298466407,33.63137298466407,527.2000000000513,100,10,5300.0,68.14517042455597
92.2382580067062,85,32.58497736321809,32.58497736321809,529.5000000000518,100,10,5323.0,68.21782490053681
91.6691354842657,85,31.35531826796224,31.35531826796224,531.5000000000523,100,10,5343.0,68.27888555231122
91.09688350911911,85,30.287717974316053,30.287717974316053,533.6000000000528,100,10,5364.0,68.34081593662522
90.53286766652832,85,29.497509377109456,29.497509377109456,535.8000000000533,100,10,5386.0,68.40355058705941
90.0447937014594,85,28.649424417247374,28.649424417247374,537.9000000000538,100,10,5407.0,68.46183744348902
89.57975060062712,85,28.010040121134182,28.010040121134182,540.2000000000543,100,10,5430.0,68.52434967784286
89.19672514122209,85,27.35233315264857,27.35233315264857,542.2000000000547,100,10,5450.0,68.5772319672333
88.85099277238115,85,26.6850885162724,26.6850885162724,544.1000000000552,100,10,5469.0,68.62626143621364
88.48005486450606,85,26.197714340656084,26.197714340656084,546.4000000000557,100,10,5492.0,68.68453653200685
88.1690100710734,85,25.716434185632906,25.716434185632906,548.5000000000562,100,10,5513.0,68.73663942761962
87.88520480234199,85,25.282591846371645,25.282591846371645,550.5000000000566,100,10,5534.0,68.78780777252108
87.62803472043778,85,24.88113465411208,24.88113465411208,552.6000000000571,100,10,5555.0,68.83815149780355
87.37381137864779,85,24.576571066376953,24.576571066376953,554.9000000000576,100,10,5578.0,68.89242773822923
87.15402569098019,85,24.241860564418417,24.241860564418417,557.1000000000581,100,10,5601.0,68.94372551265305
86.97892359390937,85,23.892311374923224,23.892311374923224,559.1000000000586,100,10,5621.0,68.98974492391108
86.77416157322746,85,23.658407747379048,23.658407747379048,561.6000000000591,100,10,5646.0,69.04644294251838
86.5608463740564,85,23.599147507728098,23.599147507728098,565.50000000006,100,10,5685.0,69.13462978103416
86.46376003864671,85,23.29941276007192,23.29941276007192,567.5000000000605,100,10,5706.0,69.17946865864569
86.35744867494452,85,23.003438817415585,23.003438817415585,569.5000000000609,100,10,5726.0,69.22372807372602
86.2529364824457,85,22.750533372860367,22.750533372860367,571.5000000000614,100,10,5746.0,69.26748510625971
86.15005296806414,85,22.566614583003865,22.566614583003865,573.5000000000618,100,10,5766.0,69.31081354348451
86.05219559105083,85,22.379891645446197,22.379891645446197,575.5000000000623,100,10,5786.0,69.3537781287258
85.94340719374158,85,22.283400681126622,22.283400681126622,577.6000000000628,100,10,5812.0,69.4072233776046
85.86843639149507,85,22.12573813077432,22.12573813077432,579.6000000000632,100,10,5832.0,69.44967049511664
85.78928329028852,85,22.001091742863146,22.001091742863146,581.9000000000638,100,10,5855.0,69.49819347899546
85.72494282962863,85,21.883346052173124,21.883346052173124,583.9000000000642,100,10,5875.0,69.54013914669383
85.653005030302,85,21.78692231977548,21.78692231977548,586.2000000000647,100,10,5899.0,69.58810222365861
85.60241330069077,85,21.680901126291115,21.680901126291115,588.2000000000652,100,10,5919.0,69.62967442467681
85.54778656990631,85,21.609799185422087,21.609799185422087,590.5000000000657,100,10,5942.0,69.67729439063596
85.50316811567996,85,21.514720885361996,21.514720885361996,592.5000000000662,100,10,5963.0,69.71852253622228
85.45822477378304,85,21.439924002693306,21.439924002693306,594.6000000000666,100,10,5985.0,69.76370537143696
85.42163288886238,85,21.36995946162403,21.36995946162403,596.6000000000671,100,10,6005.0,69.80463367928458
85.37888391036475,85,21.32143347577105,21.32143347577105,598.8000000000676,100,10,6029.0,69.85155284159957
85.34974330133092,85,21.255597242625658,21.255597242625658,600.9000000000681,100,10,6050.0,69.894298355464
85.32229655426121,85,21.19627449423398,21.19627449423398,602.9000000000685,100,10,6070.0,69.9348795156174
85.29188264929377,85,21.153138645962,21.153138645962,605.3000000000691,100,10,6095.0,69.98548862577273
85.26847447160597,85,21.109507526572308,21.109507526572308,607.4000000000696,100,10,6117.0,70.02791306871013
85.2439953529384,85,21.070913990632924,21.070913990632924,609.7000000000701,100,10,6142.0,70.07630071339342
85.22637276956675,85,21.0239504877919,21.0239504877919,611.7000000000705,100,10,6162.0,70.116540426697
85.20720688847558,85,20.993383096690412,20.993383096690412,614.000000000071,100,10,6186.0,70.1647448243898
85.19078059249865,85,20.95560103840889,20.95560103840889,616.2000000000716,100,10,6208.0,70.20885062404466
85.17688423504765,85,20.920091897158102,20.920091897158102,618.200000000072,100,10,6228.0,70.24888418057155
85.16251274796333,85,20.891835564501303,20.891835564501303,620.3000000000725,100,10,6249.0,70.29085532919382
85.14938475648968,85,20.863241261233853,20.863241261233853,622.400000000073,100,10,6271.0,70.33476315492699
85.13758991534176,85,20.84044665308429,20.84044665308429,624.4000000000734,100,10,6293.0,70.37662392594572
85.12752669233409,85,20.81289178427076,20.81289178427076,626.4000000000739,100,10,6313.0,70.41644133067366
85.11653698189248,85,20.792713979513692,20.792713979513692,628.8000000000744,100,10,6338.0,70.46417273270642
85.10819505317838,85,20.772460400869715,20.772460400869715,630.9000000000749,100,10,6359.0,70.50589306205198
85.10065530017214,85,20.74965111534533,20.74965111534533,632.9000000000754,100,10,6379.0,70.54558558440766
85.09324226677305,85,20.73093026116093,20.73093026116093,635.0000000000758,100,10,6401.0,70.58920996823055
85.0856838736917,85,20.71702197230435,20.71702197230435,637.6000000000764,100,10,6428.0,70.64270652267136
85.08041730348171,85,20.697625460957127,20.697625460957127,639.7000000000769,100,10,6449.0,70.68427941983417
85.07469382214683,85,20.682573408900105,20.682573408900105,642.1000000000774,100,10,6474.0,70.73175276964041
85.06992635247512,85,20.667020125385243,20.667020125385243,644.500000000078,100,10,6498.0,70.77919140284469
85.06539940264997,85,20.650676853351204,20.650676853351204,646.8000000000785,100,10,6521.0,70.82461366451066
85.06129709923432,85,20.638619932509265,20.638619932509265,648.900000000079,100,10,6546.0,70.87198152055035
85.05740273756886,85,20.6237042214946,20.6237042214946,651.2000000000795,100,10,6571.0,70.91931569807583
85.05425059136486,85,20.609865787231033,20.609865787231033,653.50000000008,100,10,6594.0,70.96464855776655
85.05115137284935,85,20.598630147673934,20.598630147673934,655.8000000000806,100,10,6619.0,71.0119219388384
85.04839116938565,85,20.58501671139555,20.58501671139555,658.2000000000811,100,10,6643.0,71.05916316351433
85.0457019595649,85,20.57331355354618,20.57331355354618,661.6000000000819,100,10,6677.0,71.12605291611422
85.04411684411092,85,20.561076945431182,20.561076945431182,665.6000000000828,100,10,6717.0,71.20470351726405
86.45119636724567,125,129.74559540293305,129.74559540293305,669.6000000000837,100,10,6757.0,71.30417870793303
103.10303367131188,125,95.82459590277787,95.82459590277787,673.6000000000846,100,10,6797.0,71.72103356053265
108.74375479155827,125,85.76884712291712,85.76884712291712,677.6000000000855,100,10,6837.0,72.0610687522647
110.76736801440474,125,85.89242734730678,85.89242734730678,680.5000000000862,100,10,6866.0,72.2973867135727
111.98853395819519,125,87.81159340678651,87.81159340678651,682.7000000000867,100,10,6888.0,72.47993183037276
113.06979262825365,125,90.03128846141115,90.03128846141115,684.7000000000871,100,10,6908.0,72.65022631663399
114.35323572056822,125,91.28555934319485,91.28555934319485,687.4000000000877,100,10,6935.0,72.88430671703578
115.26976889276715,125,92.58302861489702,92.58302861489702,689.6000000000882,100,10,6957.0,73.0775387168466
116.05330549414154,125,94.32536840163826,94.32536840163826,691.5000000000887,100,10,6977.0,73.24742805490159
116.83301822564135,125,95.6172478661701,95.6172478661701,693.6000000000892,100,10,6998.0,73.43805260086974
117.52726842661912,125,96.75403390504597,96.75403390504597,695.6000000000896,100,10,7018.0,73.62192782799093
118.24448521011182,125,97.7328097005502,97.7328097005502,697.7000000000901,100,10,7039.0,73.8173748957875
118.86842618391546,125,98.52468240253941,98.52468240253941,699.8000000000906,100,10,7061.0,74.01445162902233
119.42091958519441,125,99.51411558079691,99.51411558079691,701.800000000091,100,10,7081.0,74.20389812524095
119.9405314982797,125,100.21272790037618,100.21272790037618,704.0000000000915,100,10,7103.0,74.41387826815237
120.38937863264228,125,100.86141663123017,100.86141663123017,706.100000000092,100,10,7124.0,74.61568577556957
120.79998407764288,125,101.2358876886701,101.2358876886701,708.2000000000925,100,10,7145.0,74.81877841737531
121.09880964491298,125,101.20820145781282,101.20820145781282,710.2000000000929,100,10,7165.0,75.01228115233984
121.34080172242375,125,101.27947134334715,101.27947134334715,712.2000000000934,100,10,7186.0,75.20584946793532
121.52399865646107,125,101.47456620136904,101.47456620136904,714.1000000000938,100,10,7205.0,75.38999307251177
121.69579585168155,125,101.66467051378834,101.66467051378834,716.1000000000943,100,10,7225.0,75.58420156565796
121.85886960736399,125,101.87733794801122,101.87733794801122,718.2000000000947,100,10,7246.0,75.78853698724964
122.00745528598367,125,102.10037081869875,102.10037081869875,720.3000000000952,100,10,7267.0,75.99327368122587
122.14239725517844,125,102.30070340293742,102.30070340293742,722.3000000000957,100,10,7287.0,76.18869215353855
122.27215367974387,125,102.5218194467432,102.5218194467432,724.3000000000961,100,10,7307.0,76.38452574098247
122.39652591859628,125,102.73057078566983,102.73057078566983,726.3000000000966,100,10,7327.0,76.58074896994522
122.51563716424145,125,102.90035218155181,102.90035218155181,728.300000000097,100,10,7347.0,76.77734138804547
122.62832698394895,125,103.07595117449411,103.07595117449411,730.3000000000975,100,10,7367.0,76.97426237901917
122.73586060825534,125,103.25888080802463,103.25888080802463,732.300000000098,100,10,7387.0,77.17150318491232
122.84298122505861,125,103.38084608310078,103.38084608310078,734.4000000000984,100,10,7408.0,77.3789267670615
122.94438332676428,125,103.53624590652595,103.53624590652595,736.5000000000989,100,10,7430.0,77.58659079888137
123.03568958348008,125,103.67801719460194,103.67801719460194,738.5000000000994,100,10,7450.0,77.78468267275154
123.1354093195675,125,103.87238368043025,103.87238368043025,740.6000000000998,100,10,7471.0,77.99300636451207
123.22307932303153,125,103.99332383987245,103.99332383987245,742.6000000001003,100,10,7491.0,78.19170557727195
123.30686350928998,125,104.10284921620979,104.10284921620979,744.6000000001007,100,10,7511.0,78.3906410902179
123.3870833694002,125,104.22353276777494,104.22353276777494,746.6000000001012,100,10,7531.0,78.58980232915455
123.46386490026595,125,104.33699061926352,104.33699061926352,748.6000000001017,100,10,7551.0,78.7891764949396
123.53744066616814,125,104.42877419392771,104.42877419392771,750.6000000001021,100,10,7571.0,78.98875286532481
123.6101303292557,125,104.52263916418934,104.52263916418934,752.6000000001026,100,10,7591.0,79.18850900774906
123.67306994602312,125,104.60711798123837,104.60711798123837,754.500000000103,100,10,7610.0,79.37844150731203
123.73706210864817,125,104.6985794461919,104.6985794461919,756.5000000001035,100,10,7631.0,79.57853891171817
123.79856634313155,125,104.78342730876675,104.78342730876675,758.5000000001039,100,10,7651.0,79.77879661741704
123.85763309643502,125,104.85141847604318,104.85141847604318,760.5000000001044,100,10,7671.0,79.97920486333945
123.9142220772548,125,104.92563952795506,104.92563952795506,762.5000000001048,100,10,7691.0,80.17975260220678
123.97004365998644,125,104.98969320189613,104.98969320189613,764.5000000001053,100,10,7711.0,80.3804225003872
124.02111152775753,125,105.04703697682035,105.04703697682035,766.5000000001057,100,10,7731.0,80.58121551810602
124.07034808263911,125,105.10856298153308,105.10856298153308,768.5000000001062,100,10,7751.0,80.78212515120819
124.11765774297746,125,105.15726907013752,105.15726907013752,770.5000000001066,100,10,7771.0,80.98314210435618
124.16307869040665,125,105.20985084942798,105.20985084942798,772.5000000001071,100,10,7791.0,81.18425881653154
124.2044460408238,125,105.25820734999849,105.25820734999849,774.4000000001075,100,10,7810.0,81.37540426369247
124.24696083623766,125,105.33276537509641,105.33276537509641,776.400000000108,100,10,7830.0,81.57670413992027
124.29319511899972,125,105.38806909518759,105.38806909518759,778.4000000001084,100,10,7850.0,81.77817924343177
124.34125668407611,125,105.50958062628516,105.50958062628516,780.5000000001089,100,10,7871.0,81.98985220699579
124.39523602118294,125,105.60647465233602,105.60647465233602,782.6000000001094,100,10,7892.0,82.20176357808985
124.44896973735783,125,105.69877143566956,105.69877143566956,784.6000000001098,100,10,7912.0,82.40377571653974
124.50201150384413,125,105.76505245344573,105.76505245344573,786.6000000001103,100,10,7932.0,82.60593520713189
124.56277806016085,125,105.78657610472347,105.78657610472347,789.0000000001108,100,10,7957.0,82.85876110041978
124.60745357272187,125,105.83533441471283,105.83533441471283,791.1000000001113,100,10,7978.0,83.07118938516184
124.6516993009533,125,105.86074388768662,105.86074388768662,793.2000000001118,100,10,8000.0,83.28370180958225
124.69903275235141,125,105.86551301559842,105.86551301559842,795.8000000001124,100,10,8026.0,83.54686568231273
124.72697538091657,125,105.86641531806157,105.86641531806157,797.7000000001128,100,10,8045.0,83.73917495887345
124.75149286234083,125,105.85286953422556,105.85286953422556,799.7000000001133,100,10,8065.0,83.94157838350523
124.7764455513413,125,105.83594040597788,105.83594040597788,801.9000000001138,100,10,8089.0,84.18443194516163
124.79450709502008,125,105.831994600102,105.831994600102,803.9000000001142,100,10,8109.0,84.38678427091355
124.81319366887207,125,105.82128401334023,105.82128401334023,806.0000000001147,100,10,8131.0,84.60936154887285
124.82886535926951,125,105.81458445620522,105.81458445620522,808.0000000001152,100,10,8151.0,84.81168564028253
124.84387077978009,125,105.80775998374784,105.80775998374784,810.0000000001156,100,10,8171.0,85.01399641544585
124.8582283008459,125,105.79855835504523,105.79855835504523,812.0000000001161,100,10,8191.0,85.21629138996119
124.87197216721674,125,105.7880831766398,105.7880831766398,814.0000000001165,100,10,8211.0,85.41856842294392
124.88512927651522,125,105.77813635926816,105.77813635926816,816.000000000117,100,10,8231.0,85.6208253751373
124.89709677459662,125,105.76545222317895,105.76545222317895,817.9000000001174,100,10,8250.0,85.81294884247058
124.90917376047311,125,105.7516564529496,105.7516564529496,819.9000000001179,100,10,8270.0,86.01516069517663
124.92072220602472,125,105.73898536172408,105.73898536172408,821.9000000001183,100,10,8290.0,86.2173464609117
124.93228015609847,125,105.72179819983165,105.72179819983165,824.0000000001188,100,10,8311.0,86.42961109942722
124.94278408559602,125,105.70524187746413,105.70524187746413,826.0000000001193,100,10,8331.0,86.63173710673928
124.95285269492186,125,105.69024252320166,105.69024252320166,828.0000000001197,100,10,8351.0,86.83383200615371
124.9634194395892,125,105.66924576460865,105.66924576460865,830.1000000001202,100,10,8373.0,87.05609825746546
124.97255838620103,125,105.65294560502277,105.65294560502277,832.1000000001206,100,10,8393.0,87.25812159500595
124.98170932859807,125,105.63191031116482,105.63191031116482,834.1000000001211,100,10,8413.0,87.46010887794922
124.98993668718064,125,105.61169817170602,105.61169817170602,836.1000000001216,100,10,8433.0,87.66205793934884
124.9975109304834,125,105.59355989366212,105.59355989366212,838.000000000122,100,10,8452.0,87.85387465117398
125.00556184346758,125,105.57040345231786,105.57040345231786,840.0000000001224,100,10,8473.0,88.06584115059634
125.0152265028282,125,105.54169803783827,105.54169803783827,842.500000000123,100,10,8499.0,88.328216271218
125.02217487449228,125,105.52097029093021,105.52097029093021,844.5000000001235,100,10,8519.0,88.5299928554146
125.02883558756126,125,105.49681217973576,105.49681217973576,846.5000000001239,100,10,8539.0,88.73172595972747
125.03575281829154,125,105.47455044663249,105.47455044663249,848.6000000001244,100,10,8561.0,88.94349730471208
125.04176409960643,125,105.44900186070143,105.44900186070143,850.6000000001249,100,10,8581.0,89.14513749169048
125.04755710046257,125,105.42327724308514,105.42327724308514,852.6000000001253,100,10,8601.0,89.3467314889908
125.05312617314713,125,105.40077336047854,105.40077336047854,854.6000000001258,100,10,8621.0,89.54827826120291
125.05844776405242,125,105.37403578743728,105.37403578743728,856.6000000001262,100,10,8641.0,89.74977650476035
125.06331048057369,125,105.34681429452684,105.34681429452684,858.5000000001266,100,10,8660.0,89.94115455866516
125.06819839940836,125,105.32311917466917,105.32311917466917,860.5000000001271,100,10,8680.0,90.14255619303812
125.07288397918204,125,105.295074248737,105.295074248737,862.5000000001276,100,10,8700.0,90.34390725495139
125.07737605029777,125,105.27070833233601,105.27070833233601,864.500000000128,100,10,8720.0,90.5452070195249
125.0816560948222,125,105.24191737941179,105.24191737941179,866.5000000001285,100,10,8740.0,90.74645440011084
125.08575890465238,125,105.21275231279306,105.21275231279306,868.5000000001289,100,10,8760.0,90.94764912416444
125.08969281132731,125,105.18746938661374,105.18746938661374,870.5000000001294,100,10,8780.0,91.1487905633357
125.09343760278374,125,105.15765584763143,105.15765584763143,872.5000000001298,100,10,8800.0,91.349877707587
125.09702820727101,125,105.12751640769957,105.12751640769957,874.5000000001303,100,10,8820.0,91.55091038439906
125.10047203531423,125,105.10143481651974,105.10143481651974,876.5000000001307,100,10,8840.0,91.75188804623248
125.10358631240248,125,105.07073014106602,105.07073014106602,878.4000000001312,100,10,8859.0,91.94276498644851
125.10686316534647,125,105.04381265815144,105.04381265815144,880.4000000001316,100,10,8879.0,92.14363344577538
125.10980403164238,125,105.01275889871113,105.01275889871113,882.4000000001321,100,10,8899.0,92.3444446159224
125.11275253173889,125,104.98074006573317,104.98074006573317,884.4000000001325,100,10,8919.0,92.54520068289625
125.11554412066295,125,104.95339563217526,104.95339563217526,886.400000000133,100,10,8939.0,92.74589903767846
125.11828500631333,125,104.92108121511681,104.92108121511681,888.4000000001334,100,10,8959.0,92.94653907790021
125.12144330664071,125,104.8871570615955,104.8871570615955,890.700000000134,100,10,8982.0,93.17720791892373
125.12400532270375,125,104.85878644261267,104.85878644261267,892.7000000001344,100,10,9002.0,93.37772637293942
125.126369151069,125,104.82578604761365,104.82578604761365,894.7000000001349,100,10,9022.0,93.57818482072409
125.12858868736122,125,104.79275456001064,104.79275456001064,896.7000000001353,100,10,9042.0,93.77858331556601
125.130951651106,125,104.76403354722672,104.76403354722672,898.9000000001358,100,10,9064.0,93.9989530792424
125.13304715821928,125,104.72974966638455,104.72974966638455,900.8000000001363,100,10,9083.0,94.18921666311022
125.13572559970626,125,104.70028626191086,104.70028626191086,903.3000000001368,100,10,9108.0,94.43948179116389
125.14280148701503,125,104.65252687341759,104.65252687341759,907.3000000001377,100,10,9148.0,94.83976785767204
125.15104844951628,125,104.59868678386731,104.59868678386731,911.3000000001387,100,10,9188.0,95.23986745737979
125.15922983924038,125,104.55091692802836,104.55091692802836,915.3000000001396,100,10,9228.0,95.63976633652162
125.16718264222253,125,104.49420450488799,104.49420450488799,919.3000000001405,100,10,9268.0,96.03946089626355
125.17262302718945,125,104.4418039215228,104.4418039215228,922.3000000001412,100,10,9298.0,96.33909058020318
125.17453874270164,125,104.40550383905823,104.40550383905823,924.3000000001416,100,10,9318.0,96.53874997928969
125.17515987446554,125,104.36124168771171,104.36124168771171,926.3000000001421,100,10,9338.0,96.73832868423482
125.17549177846269,125,104.32892509920185,104.32892509920185,928.4000000001425,100,10,9359.0,96.94781091371618
125.1757988435393,125,104.29111647549605,104.29111647549605,930.300000000143,100,10,9379.0,97.1472502022385
125.1760234534994,125,104.25352325445887,104.25352325445887,932.3000000001434,100,10,9399.0,97.34662239857653
125.17610795518316,125,104.22157140919435,104.22157140919435,934.3000000001439,100,10,9419.0,97.54592609122122
125.17578544667037,125,104.17443010151818,104.17443010151818,936.3000000001443,100,10,9439.0,97.74515681154125
125.17491416581315,125,104.1402735497854,104.1402735497854,938.3000000001448,100,10,9459.0,97.94430919966506
125.1744606308565,125,104.10999760091028,104.10999760091028,940.3000000001452,100,10,9479.0,98.14339799829402
125.17424930230423,125,104.07405221638726,104.07405221638726,942.3000000001457,100,10,9499.0,98.34242202964658
125.17417026966378,125,104.04294960499034,104.04294960499034,944.3000000001462,100,10,9519.0,98.54138042336638
125.17413071972176,125,104.00648351615145,104.00648351615145,946.3000000001466,100,10,9539.0,98.74027221811967
125.1741334448487,125,103.96991584092399,103.96991584092399,948.3000000001471,100,10,9559.0,98.93909766734382
125.1741497735679,125,103.93853096903374,103.93853096903374,950.2000000001475,100,10,9578.0,99.1279201223713
125.17417276247822,125,103.90189183594705,103.90189183594705,952.200000000148,100,10,9598.0,99.32661556935301
125.17420943689376,125,103.86523945038236,103.86523945038236,954.2000000001484,100,10,9619.0,99.52524444921166
125.17439045144195,125,103.833418892693,103.833418892693,956.3000000001489,100,10,9640.0,99.73373542619977
125.17450080547047,125,103.79644049596504,103.79644049596504,958.3000000001493,100,10,9660.0,99.93222953955755
125.17457111928864,125,103.76486457116322,103.76486457116322,960.3000000001498,100,10,9680.0,100.13065662666425
125.17436046169419,125,103.71789780373837,103.71789780373837,962.3000000001502,100,10,9700.0,100.32901292450845
125.17349744992762,125,103.68387016514212,103.68387016514212,964.3000000001507,100,10,9721.0,100.53720271612875
125.17320445731023,125,103.6535041310114,103.6535041310114,966.3000000001512,100,10,9741.0,100.73541586672243
125.17306259109584,125,103.61758866397595,103.61758866397595,968.3000000001516,100,10,9761.0,100.93356366039713
125.1730335138128,125,103.58139293578752,103.58139293578752,970.200000000152,100,10,9780.0,101.12174353767092
125.17302490837143,125,103.5502508309846,103.5502508309846,972.2000000001525,100,10,9800.0,101.3197628883672
125.17315303305553,125,103.51377026291165,103.51377026291165,974.500000000153,100,10,9823.0,101.54740492639786
125.17490429089526,125,103.47274481685378,103.47274481685378,977.1000000001536,100,10,9852.0,101.81455084941584
125.1757582199166,125,103.43877606784936,103.43877606784936,979.1000000001541,100,10,9872.0,102.01235961660159
125.17616296752497,125,103.40052914814099,103.40052914814099,981.1000000001545,100,10,9892.0,102.21009783298284
125.17633638563181,125,103.36833524763655,103.36833524763655,983.100000000155,100,10,9912.0,102.4077672739539
125.17635842422168,125,103.33114890049342,103.33114890049342,985.1000000001554,100,10,9932.0,102.60536837717864
125.17577862367861,125,103.27401088212328,103.27401088212328,987.500000000156,100,10,9956.0,102.84239282681854
125.1749734299951,125,103.23962916675117,103.23962916675117,990.0000000001565,100,10,9981.0,103.08918272088043
125.17381267563017,125,103.19527826247582,103.19527826247582,992.100000000157,100,10,10003.0,103.2963960951141
125.17337443628313,125,103.16065686850119,103.16065686850119,994.2000000001575,100,10,10026.0,103.52326693312831
125.17410516549033,125,103.12768175206232,103.12768175206232,996.400000000158,100,10,10051.0,103.75992597922706
